cohort,subset,n_mut,n_wt,median_diff,cliffs_delta,p_wilcox
GDC,Grade4_all,147,295,0.288,0.289,7.13e-7
GDC,Grade4_TCGA,79,166,0.338,0.326,3.78e-5
GDC,Grade4_CPTAC_HCMI,68,129,0.193,0.234,0.00708
GDC,Grade4_IDH_WT,120,290,0.254,0.251,6.49e-5
GLASS,WXS_noTCGA,24,55,0.5734741421844691,0.39545454545454545,0.0054870567532918834
GLASS,WXS_WGS_noTCGA,28,67,0.484849477754248,0.40191897654584224,0.0021170487025681107
