analysis,cohort,subset,gene,n_mut,n_wt,median_mut,median_wt,median_diff,HL_estimate,p_wilcox,p_BH,cliffs_delta,effect_size_label
GLASS_main,GLASS,WXS_noTCGA,LAG3,24,55,1.25206550431959,0.678591362135121,0.5734741421844691,0.4848045323826423,0.0054870567532918834,0.0054870567532918834,0.39545454545454545,medium
GLASS_sensitivity,GLASS,WXS_WGS_noTCGA,LAG3,28,67,1.16097242872144,0.676122950967192,0.484849477754248,0.47301263811383054,0.0021170487025681107,0.0021170487025681107,0.40191897654584224,medium
