model,k,beta_pooled,ci_lo,ci_hi,se_pooled,z_val,p_val,Q,Q_p,I2,tau2
Fixed Effect,3,0.25767855691020525,0.1507051989596892,0.3646519148607213,0.054579246758771204,4.7211819915560636,2.344780152214986e-6,6.6392432974263365,0.036166512812422995,69.87608511386699,0
Random Effect,3,0.30802413332824397,0.09813476870571508,0.5179134979507729,0.10708837829577963,2.8763544488224193,0.004022976833842945,6.6392432974263365,0.036166512812422995,69.02661468135112,0.023105827913051782
